,model,trained_on,dataset,task,target,run_type,roc_auc_score,average_precision_score,accuracy_score,balanced_accuracy_score,f1_score,precision_score,recall_score,fall_out,true_negatives,true_positives,false_negatives,false_positives
0,cnn_500,multivariate_gaps,build_multivariate_dataset_cnn_cached,gap_filling,all_nucleotides,multivariate gaps test,0.7474969233036042,0.53600400457773,0.464677734375,0.45767646209824214,,,,,,,,
1,cnn_500,multivariate_gaps,build_multivariate_dataset_cnn_cached,gap_filling,adenine,multivariate gaps test,0.7179250109444915,0.5396563384892202,0.745927734375,0.571039565021844,0.26768373349846597,0.7625080179602309,0.16233655389027346,0.050561605954047316,71628.0,4755.0,24536.0,1481.0
2,cnn_500,multivariate_gaps,build_multivariate_dataset_cnn_cached,gap_filling,cytosine,multivariate gaps test,0.768613671480074,0.5250804576579338,0.8170703125,0.5914414799863781,0.3161507009345794,0.7705997508453462,0.19887016029026777,0.05920176365222982,79338.0,4330.0,17443.0,1289.0
3,cnn_500,multivariate_gaps,build_multivariate_dataset_cnn_cached,gap_filling,thymine,multivariate gaps test,0.7214160831775733,0.5464091866052245,0.74529296875,0.5732791388373025,0.2739268414898947,0.7720069041267849,0.16650309655149073,0.049172560831161796,71398.0,4920.0,24629.0,1453.0
4,cnn_500,multivariate_gaps,build_multivariate_dataset_cnn_cached,gap_filling,guanine,multivariate gaps test,0.7611788653697709,0.517231374149205,0.816103515625,0.5907485040481888,0.31471305360457075,0.7596626844694307,0.19846697571946573,0.06278973699912792,79245.0,4324.0,17463.0,1368.0
