,model,trained_on,dataset,task,target,run_type,roc_auc_score,average_precision_score,accuracy_score,balanced_accuracy_score,f1_score,precision_score,recall_score,fall_out,true_negatives,true_positives,false_negatives,false_positives
0,cnn_500,single_gap,build_synthetic_dataset_cnn_cached,gap_filling,all_nucleotides,single gap test,0.7616419882774352,0.5570763110081397,0.48111328125,0.4726020653304689,,,,,,,,
1,cnn_500,single_gap,build_synthetic_dataset_cnn_cached,gap_filling,adenine,single gap test,0.734423712757724,0.5626022217450444,0.7493359375,0.5805927167936632,0.2962658331962494,0.768344709897611,0.18351334827797025,0.055329121662930504,71329.0,5403.0,24039.0,1629.0
2,cnn_500,single_gap,build_synthetic_dataset_cnn_cached,gap_filling,cytosine,single gap test,0.779580637303953,0.545677456114828,0.822666015625,0.5997936707427635,0.3377703220159731,0.7905428473881871,0.21476603441079628,0.056903028335574826,79610.0,4631.0,16932.0,1227.0
3,cnn_500,single_gap,build_synthetic_dataset_cnn_cached,gap_filling,thymine,single gap test,0.7331549388633349,0.5584241114993618,0.74763671875,0.5837269667689302,0.31143085531574743,0.7187307834214733,0.19878227150583352,0.07779176162454506,70714.0,5844.0,23555.0,2287.0
4,cnn_500,single_gap,build_synthetic_dataset_cnn_cached,gap_filling,guanine,single gap test,0.7795658896228348,0.5471937208815973,0.81890625,0.5993740294907698,0.33724088634739097,0.7884358288770054,0.21449354428077833,0.057555919258046914,79138.0,4718.0,17278.0,1266.0
