,model,trained_on,dataset,task,target,run_type,roc_auc_score,average_precision_score,accuracy_score,balanced_accuracy_score,f1_score,precision_score,recall_score,fall_out,true_negatives,true_positives,false_negatives,false_positives
0,cnn_1000,multivariate_gaps,build_synthetic_dataset_cnn_cached,gap_filling,all_nucleotides,single gap train,0.7512801803270975,0.5372460087529395,0.46751953125,0.44717118269045414,,,,,,,,
1,cnn_1000,multivariate_gaps,build_synthetic_dataset_cnn_cached,gap_filling,adenine,single gap train,0.7185248711016728,0.5473011107034603,0.73783203125,0.576713135627022,0.2931170677760809,0.7125848162847267,0.1845062485497398,0.07441906719262771,69988.0,5566.0,24601.0,2245.0
2,cnn_1000,multivariate_gaps,build_synthetic_dataset_cnn_cached,gap_filling,cytosine,single gap train,0.7665756242523138,0.5126478032791191,0.8233984375,0.5804540926097569,0.28243790175382905,0.8147893772893773,0.17082653355092636,0.038830757415762696,80757.0,3559.0,17275.0,809.0
3,cnn_1000,multivariate_gaps,build_synthetic_dataset_cnn_cached,gap_filling,thymine,single gap train,0.7195284497218772,0.5485930520861917,0.73197265625,0.5695590951865206,0.26915907759492996,0.7321454440098508,0.1648885843855013,0.0603242961077942,69900.0,5054.0,25597.0,1849.0
4,cnn_1000,multivariate_gaps,build_synthetic_dataset_cnn_cached,gap_filling,guanine,single gap train,0.7678024125336951,0.5119998958418179,0.823515625,0.5789401717460978,0.2780441035474593,0.8123249299719888,0.16772700983227298,0.038750722961249276,80848.0,3480.0,17268.0,804.0
