,model,trained_on,dataset,task,target,run_type,roc_auc_score,average_precision_score,accuracy_score,balanced_accuracy_score,f1_score,precision_score,recall_score,fall_out,true_negatives,true_positives,false_negatives,false_positives
0,cnn_200,multivariate_gaps,build_synthetic_dataset_cnn_cached,gap_filling,all_nucleotides,single gap train,0.7538365631262461,0.5429657618602268,0.469951171875,0.45184645997786066,,,,,,,,
1,cnn_200,multivariate_gaps,build_synthetic_dataset_cnn_cached,gap_filling,adenine,single gap train,0.7228288103238544,0.5522490924776451,0.738896484375,0.5725242850308725,0.2736287321035616,0.7631459312016973,0.16669976828864613,0.051737835153922544,70627.0,5036.0,25174.0,1563.0
2,cnn_200,multivariate_gaps,build_synthetic_dataset_cnn_cached,gap_filling,cytosine,single gap train,0.7682770168470001,0.5170401370806117,0.8234375,0.5857746675610129,0.2979731303875126,0.812063492063492,0.18246231394740597,0.04222740025678824,80483.0,3837.0,17192.0,888.0
3,cnn_200,multivariate_gaps,build_synthetic_dataset_cnn_cached,gap_filling,thymine,single gap train,0.7237789349315609,0.5569758027399412,0.739150390625,0.5771959072905302,0.28905272683718825,0.7565835307231433,0.17865368164769363,0.05747844969401856,70259.0,5430.0,24964.0,1747.0
4,cnn_200,multivariate_gaps,build_synthetic_dataset_cnn_cached,gap_filling,guanine,single gap train,0.768768915937433,0.515451541846897,0.82548828125,0.5839319163006236,0.29210901600380285,0.823542550815278,0.177541291472047,0.0380411229354264,80843.0,3687.0,17080.0,790.0
