,model,trained_on,dataset,task,target,run_type,roc_auc_score,average_precision_score,accuracy_score,balanced_accuracy_score,f1_score,precision_score,recall_score,fall_out,true_negatives,true_positives,false_negatives,false_positives
0,cnn_200,multivariate_gaps,build_multivariate_dataset_cnn_cached,gap_filling,all_nucleotides,multivariate gaps train,0.7466072464307149,0.5328608131310595,0.46482421875,0.445164486488444,,,,,,,,
1,cnn_200,multivariate_gaps,build_multivariate_dataset_cnn_cached,gap_filling,adenine,multivariate gaps train,0.7141857053724542,0.5412993631078129,0.737197265625,0.567815761571846,0.2577299682802372,0.7728701406120762,0.15465077788811651,0.04544852697782192,70817.0,4672.0,25538.0,1373.0
2,cnn_200,multivariate_gaps,build_multivariate_dataset_cnn_cached,gap_filling,cytosine,multivariate gaps train,0.7642855421250466,0.5111575134672087,0.8226171875,0.5818908022937095,0.2864550597108737,0.8235825615540998,0.1733796186219031,0.03713918873935993,80590.0,3646.0,17383.0,781.0
3,cnn_200,multivariate_gaps,build_multivariate_dataset_cnn_cached,gap_filling,thymine,multivariate gaps train,0.7180605872042889,0.5481635801033592,0.736376953125,0.5722482368242178,0.2748932283972172,0.7486466715435259,0.16835559649930906,0.05652431400934395,70288.0,5117.0,25277.0,1718.0
4,cnn_200,multivariate_gaps,build_multivariate_dataset_cnn_cached,gap_filling,guanine,multivariate gaps train,0.7551777007490214,0.4991030675173132,0.823466796875,0.5784454004516092,0.2763700412313358,0.8191741813004272,0.16622526123176193,0.03669282997062647,80871.0,3452.0,17315.0,762.0
