,model,trained_on,dataset,task,target,run_type,roc_auc_score,average_precision_score,accuracy_score,balanced_accuracy_score,f1_score,precision_score,recall_score,fall_out,true_negatives,true_positives,false_negatives,false_positives
0,cnn_1000,single_gap,build_multivariate_dataset_cnn_cached,gap_filling,all_nucleotides,multivariate gaps train,0.6342910410563152,0.36685415169963825,0.37244140625,0.35907041020620206,,,,,,,,
1,cnn_1000,single_gap,build_multivariate_dataset_cnn_cached,gap_filling,adenine,multivariate gaps train,0.6057340765332713,0.3739648165782574,0.659892578125,0.5492635139062639,0.3269754768392371,0.38948483034851067,0.28175581162992075,0.4416505695064278,59113.0,8460.0,21566.0,13261.0
2,cnn_1000,single_gap,build_multivariate_dataset_cnn_cached,gap_filling,cytosine,multivariate gaps train,0.6404757464207331,0.33922701935303196,0.784150390625,0.5557336611286049,0.24348838005270904,0.42284831193533046,0.1709685171833694,0.23335736601778417,76740.0,3557.0,17248.0,4855.0
3,cnn_1000,single_gap,build_multivariate_dataset_cnn_cached,gap_filling,thymine,multivariate gaps train,0.6148719585200754,0.41052644998479626,0.699912109375,0.5395944083225044,0.22112386890730748,0.4873743016759777,0.14300232763990428,0.15041143494082548,67309.0,4362.0,26141.0,4588.0
4,cnn_1000,single_gap,build_multivariate_dataset_cnn_cached,gap_filling,guanine,multivariate gaps train,0.634810527698048,0.3334881044136121,0.78525390625,0.5483835022610988,0.21849456251332716,0.4346719457013575,0.14592233931453527,0.1897844868508497,77336.0,3074.0,17992.0,3998.0
