,model,trained_on,dataset,task,target,run_type,roc_auc_score,average_precision_score,accuracy_score,balanced_accuracy_score,f1_score,precision_score,recall_score,fall_out,true_negatives,true_positives,false_negatives,false_positives
0,cnn_500,single_gap,build_synthetic_dataset_cnn_cached,gap_filling,all_nucleotides,single gap train,0.7638248520056407,0.559869559320055,0.484462890625,0.4688527864625014,,,,,,,,
1,cnn_500,single_gap,build_synthetic_dataset_cnn_cached,gap_filling,adenine,single gap train,0.73355528276534,0.5716522122878096,0.74220703125,0.5794378008506574,0.2929612170559246,0.7789488676826662,0.18040573973280555,0.05119577766782121,70533.0,5469.0,24846.0,1552.0
2,cnn_500,single_gap,build_synthetic_dataset_cnn_cached,gap_filling,cytosine,single gap train,0.7773616009729698,0.5310886425456579,0.825869140625,0.5918465505051619,0.3149037537941369,0.8130952380952381,0.19526373469290514,0.04488492876542621,80471.0,4098.0,16889.0,942.0
3,cnn_500,single_gap,build_synthetic_dataset_cnn_cached,gap_filling,thymine,single gap train,0.7372903285876721,0.5759370841068711,0.745283203125,0.5889470455578197,0.3242921167845393,0.7492219296145559,0.20692961285416736,0.06926306741164413,70058.0,6259.0,23988.0,2095.0
4,cnn_500,single_gap,build_synthetic_dataset_cnn_cached,gap_filling,guanine,single gap train,0.7798769584201192,0.532908528418134,0.82658203125,0.5921602738685783,0.3159476117103236,0.8027011156782149,0.19668121433024796,0.04834300513164836,80541.0,4101.0,16750.0,1008.0
