,model,trained_on,dataset,task,target,run_type,roc_auc_score,average_precision_score,accuracy_score,balanced_accuracy_score,f1_score,precision_score,recall_score,fall_out,true_negatives,true_positives,false_negatives,false_positives
0,cnn_500,single_gap,build_multivariate_dataset_cnn_cached,gap_filling,all_nucleotides,multivariate gaps train,0.6132130750656128,0.34383465092868815,0.36822265625,0.3580276713940871,,,,,,,,
1,cnn_500,single_gap,build_multivariate_dataset_cnn_cached,gap_filling,adenine,multivariate gaps train,0.5939237598290937,0.3783359595918516,0.671298828125,0.5529476061228549,0.32129534410098204,0.413269011308227,0.262807191159492,0.3731156193303645,60774.0,7967.0,22348.0,11311.0
2,cnn_500,single_gap,build_multivariate_dataset_cnn_cached,gap_filling,cytosine,multivariate gaps train,0.6192641036795616,0.3167551437226437,0.775205078125,0.5593654210608243,0.26090865307432975,0.3999803110848592,0.19359603564111116,0.2904178777338352,75318.0,4063.0,16924.0,6095.0
3,cnn_500,single_gap,build_multivariate_dataset_cnn_cached,gap_filling,thymine,multivariate gaps train,0.594737744431477,0.3701085268219299,0.65029296875,0.5561431206545383,0.35519302794583696,0.39001146743643483,0.3260819254802129,0.5100009918339009,56727.0,9863.0,20384.0,15426.0
4,cnn_500,single_gap,build_multivariate_dataset_cnn_cached,gap_filling,guanine,multivariate gaps train,0.6148649277642262,0.29219593459762283,0.736640625,0.560732437384067,0.28986728460080047,0.3214014598540146,0.2639681550045561,0.5573353795981008,69928.0,5504.0,15347.0,11621.0
