,model,trained_on,dataset,task,target,run_type,roc_auc_score,average_precision_score,accuracy_score,balanced_accuracy_score,f1_score,precision_score,recall_score,fall_out,true_negatives,true_positives,false_negatives,false_positives
0,cnn_200,single_gap,build_synthetic_dataset_cnn_cached,gap_filling,all_nucleotides,single gap train,0.7594949607690176,0.5529916347122513,0.47806640625,0.46049801364649434,,,,,,,,
1,cnn_200,single_gap,build_synthetic_dataset_cnn_cached,gap_filling,adenine,single gap train,0.7280024363593838,0.5625797536946204,0.742177734375,0.5797635472572371,0.2962173113320715,0.7581877729257642,0.18406493291369885,0.058704654629783005,70443.0,5556.0,24629.0,1772.0
2,cnn_200,single_gap,build_synthetic_dataset_cnn_cached,gap_filling,cytosine,single gap train,0.7741706326121855,0.5262624620911711,0.82521484375,0.5863706217359007,0.2989973366755444,0.8297826086956521,0.18235237913242883,0.03740684120007644,80685.0,3817.0,17115.0,783.0
3,cnn_200,single_gap,build_synthetic_dataset_cnn_cached,gap_filling,thymine,single gap train,0.730869102750934,0.5664520231271022,0.740869140625,0.581523893671035,0.3026830998869997,0.7513372472276582,0.18951559826247202,0.0627221271554561,70106.0,5759.0,24629.0,1906.0
4,cnn_200,single_gap,build_synthetic_dataset_cnn_cached,gap_filling,guanine,single gap train,0.7736678041426308,0.5273464200839787,0.826767578125,0.59335062528149,0.3191709844559586,0.8058139534883721,0.19899497487437187,0.047954055994257,80503.0,4158.0,16737.0,1002.0
