,model,trained_on,dataset,task,target,run_type,roc_auc_score,average_precision_score,accuracy_score,balanced_accuracy_score,f1_score,precision_score,recall_score,fall_out,true_negatives,true_positives,false_negatives,false_positives
0,cnn_500,multivariate_gaps,build_synthetic_dataset_cnn_cached,gap_filling,all_nucleotides,single gap train,0.757788967402776,0.5497367439830799,0.476923828125,0.4636325362530602,,,,,,,,
1,cnn_500,multivariate_gaps,build_synthetic_dataset_cnn_cached,gap_filling,adenine,single gap train,0.729229470208222,0.5657462633324617,0.73916015625,0.5748309217882803,0.27806908481539544,0.7891991408407487,0.16876640419947506,0.04507874015748031,70546.0,5144.0,25336.0,1374.0
2,cnn_500,multivariate_gaps,build_synthetic_dataset_cnn_cached,gap_filling,cytosine,single gap train,0.7717474631348251,0.5184561074711096,0.8248828125,0.5889249410434994,0.30743086667696584,0.788587279572023,0.1909330774766131,0.05118733509234828,80488.0,3980.0,16865.0,1067.0
3,cnn_500,multivariate_gaps,build_synthetic_dataset_cnn_cached,gap_filling,thymine,single gap train,0.7277900400503124,0.5629145522549799,0.739619140625,0.5749904922654022,0.2790471297623232,0.7839562443026435,0.16973125884016974,0.04677477714548864,70577.0,5160.0,25241.0,1422.0
4,cnn_500,multivariate_gaps,build_synthetic_dataset_cnn_cached,gap_filling,guanine,single gap train,0.7715586318294909,0.5204020508463021,0.8276171875,0.5915333379161841,0.3141658248504157,0.7983807266982622,0.1955596401276966,0.04938570184773145,80705.0,4043.0,16631.0,1021.0
