,model,trained_on,dataset,task,target,run_type,roc_auc_score,average_precision_score,accuracy_score,balanced_accuracy_score,f1_score,precision_score,recall_score,fall_out,true_negatives,true_positives,false_negatives,false_positives
0,cnn_1000,single_gap,build_synthetic_dataset_cnn_cached,gap_filling,all_nucleotides,single gap train,0.7571374637285868,0.5480022921991318,0.4775,0.45948518112555314,,,,,,,,
1,cnn_1000,single_gap,build_synthetic_dataset_cnn_cached,gap_filling,adenine,single gap train,0.725710307797814,0.5557275241051811,0.741015625,0.5793121518870968,0.29893200803637515,0.7246859779543706,0.1883034703257177,0.07153800039965363,70226.0,5654.0,24372.0,2148.0
2,cnn_1000,single_gap,build_synthetic_dataset_cnn_cached,gap_filling,cytosine,single gap train,0.7743669746882477,0.5214233922544891,0.824951171875,0.5818191512440497,0.28565735464073644,0.835820895522388,0.17226628214371545,0.033838019706801246,80891.0,3584.0,17221.0,704.0
3,cnn_1000,single_gap,build_synthetic_dataset_cnn_cached,gap_filling,thymine,single gap train,0.7294678424766524,0.566256937536504,0.738984375,0.5780266145131977,0.29103448275862065,0.7622620536334583,0.1798511621807691,0.05609284332688588,70186.0,5486.0,25017.0,1711.0
4,cnn_1000,single_gap,build_synthetic_dataset_cnn_cached,gap_filling,guanine,single gap train,0.7727110609313703,0.5218291752788651,0.82259765625,0.5843258247662598,0.2939210199004975,0.8110253110253111,0.17948352795974556,0.04182094370075003,80453.0,3781.0,17285.0,881.0
