,model,trained_on,dataset,task,target,run_type,roc_auc_score,average_precision_score,accuracy_score,balanced_accuracy_score,f1_score,precision_score,recall_score,fall_out,true_negatives,true_positives,false_negatives,false_positives
0,cnn_1000,multivariate_gaps,build_synthetic_dataset_cnn_cached,gap_filling,all_nucleotides,single gap test,0.7512437572002411,0.5384531854671886,0.469501953125,0.45734097692290787,,,,,,,,
1,cnn_1000,multivariate_gaps,build_synthetic_dataset_cnn_cached,gap_filling,adenine,single gap test,0.7222024040540147,0.5391807822639709,0.74392578125,0.5769194984135945,0.29389271865575184,0.6981832139201638,0.18611869031377898,0.08045702592087313,70721.0,5457.0,23863.0,2359.0
2,cnn_1000,multivariate_gaps,build_synthetic_dataset_cnn_cached,gap_filling,cytosine,single gap test,0.7690600164288613,0.5286781518928055,0.8180078125,0.5922883569413074,0.3175126345858053,0.7989310726133432,0.19812614259597805,0.04986288848263254,79429.0,4335.0,17545.0,1091.0
3,cnn_1000,multivariate_gaps,build_synthetic_dataset_cnn_cached,gap_filling,thymine,single gap test,0.7244541732933899,0.5466809232572869,0.744296875,0.5760602379638856,0.2874326457301475,0.7296214423873998,0.1789684153449912,0.06632099769554019,70935.0,5281.0,24227.0,1957.0
4,cnn_1000,multivariate_gaps,build_synthetic_dataset_cnn_cached,gap_filling,guanine,single gap test,0.768893251345544,0.522916782780004,0.81794921875,0.5877134236431333,0.30461056401074305,0.7980844409695075,0.18822607412871104,0.047621242854508576,79675.0,4083.0,17609.0,1033.0
