,model,trained_on,dataset,task,target,run_type,roc_auc_score,average_precision_score,accuracy_score,balanced_accuracy_score,f1_score,precision_score,recall_score,fall_out,true_negatives,true_positives,false_negatives,false_positives
0,cnn_1000,multivariate_gaps,build_multivariate_dataset_cnn_cached,gap_filling,all_nucleotides,multivariate gaps train,0.7458974855740865,0.5304949615531099,0.464169921875,0.4422752995647223,,,,,,,,
1,cnn_1000,multivariate_gaps,build_multivariate_dataset_cnn_cached,gap_filling,adenine,multivariate gaps train,0.7123071771982319,0.5391284191643176,0.73583984375,0.5700018938181717,0.2705749110128357,0.7253144426774614,0.1663075546126562,0.06298272947260251,70333.0,5017.0,25150.0,1900.0
2,cnn_1000,multivariate_gaps,build_multivariate_dataset_cnn_cached,gap_filling,cytosine,multivariate gaps train,0.7643995559859025,0.5090141479321505,0.822666015625,0.575920158495982,0.268401756577092,0.8354652621018309,0.15988288374772008,0.03148699241624268,80910.0,3331.0,17503.0,656.0
3,cnn_1000,multivariate_gaps,build_multivariate_dataset_cnn_cached,gap_filling,thymine,multivariate gaps train,0.7157812981700447,0.5442985810492786,0.73078125,0.5644574149477707,0.2501767937768591,0.752085036794767,0.15004404423999218,0.04946005024305895,70233.0,4599.0,26052.0,1516.0
4,cnn_1000,multivariate_gaps,build_multivariate_dataset_cnn_cached,gap_filling,guanine,multivariate gaps train,0.7570143515156948,0.5001540240708909,0.82259765625,0.5747515510888697,0.26524834169228284,0.8246981891348089,0.15803932909196067,0.03359359938307307,80955.0,3279.0,17469.0,697.0
