,model,trained_on,dataset,task,target,run_type,roc_auc_score,average_precision_score,accuracy_score,balanced_accuracy_score,f1_score,precision_score,recall_score,fall_out,true_negatives,true_positives,false_negatives,false_positives
0,cnn_200,single_gap,build_multivariate_dataset_cnn_cached,gap_filling,all_nucleotides,multivariate gaps train,0.5708620771090189,0.3005076734579678,0.333173828125,0.3370641991396176,,,,,,,,
1,cnn_200,single_gap,build_multivariate_dataset_cnn_cached,gap_filling,adenine,multivariate gaps train,0.5735844491292824,0.35789355605137646,0.64810546875,0.5513502938576372,0.3458829509148998,0.3825643496767458,0.3156203412290873,0.5093920821600133,56839.0,9527.0,20658.0,15376.0
2,cnn_200,single_gap,build_multivariate_dataset_cnn_cached,gap_filling,cytosine,multivariate gaps train,0.5905349601157381,0.26851572982584376,0.732724609375,0.5535365314114511,0.2769661585607482,0.3097925654512145,0.2504299636919549,0.5579495509268106,69789.0,5242.0,15690.0,11679.0
3,cnn_200,single_gap,build_multivariate_dataset_cnn_cached,gap_filling,thymine,multivariate gaps train,0.5552520105811274,0.3463656831490099,0.67837890625,0.5322529154330244,0.24174609752728277,0.40242219837498083,0.1727655653547453,0.2565486376201132,64216.0,5250.0,25138.0,7796.0
4,cnn_200,single_gap,build_multivariate_dataset_cnn_cached,gap_filling,guanine,multivariate gaps train,0.5889352262288596,0.25193373349476667,0.665341796875,0.5592982762557093,0.3167381118532549,0.27146274777853724,0.38013878918401534,1.020196219191194,60188.0,7943.0,12952.0,21317.0
