,model,trained_on,dataset,task,target,run_type,roc_auc_score,average_precision_score,accuracy_score,balanced_accuracy_score,f1_score,precision_score,recall_score,fall_out,true_negatives,true_positives,false_negatives,false_positives
0,cnn_200,multivariate_gaps,build_multivariate_dataset_cnn_cached,gap_filling,all_nucleotides,multivariate gaps test,0.7522664625962575,0.5432205943232401,0.47091796875,0.4599743902471753,,,,,,,,
1,cnn_200,multivariate_gaps,build_multivariate_dataset_cnn_cached,gap_filling,adenine,multivariate gaps test,0.7212557006249457,0.5410863002190172,0.747021484375,0.5713030076347101,0.2679928791432366,0.7658268733850129,0.16241394663835326,0.049662636572250576,71753.0,4742.0,24455.0,1450.0
2,cnn_200,multivariate_gaps,build_multivariate_dataset_cnn_cached,gap_filling,cytosine,multivariate gaps test,0.7746198623710407,0.5355822210514629,0.82015625,0.5915885718569772,0.3148299724681896,0.8139669103501347,0.1951568265682657,0.04460332103321033,79753.0,4231.0,17449.0,967.0
3,cnn_200,multivariate_gaps,build_multivariate_dataset_cnn_cached,gap_filling,thymine,multivariate gaps test,0.7266673307778642,0.5493999847210677,0.7448828125,0.5751986082143354,0.2824259737405922,0.7493076810960502,0.1740057539346759,0.058216280250465394,71135.0,5141.0,24404.0,1720.0
4,cnn_200,multivariate_gaps,build_multivariate_dataset_cnn_cached,gap_filling,guanine,multivariate gaps test,0.7644731046754125,0.5304612884039805,0.817529296875,0.5908369291336639,0.31297569584880686,0.815481893082966,0.19364819364819366,0.04381654381654382,79459.0,4256.0,17722.0,963.0
