,model,trained_on,dataset,task,target,run_type,roc_auc_score,average_precision_score,accuracy_score,balanced_accuracy_score,f1_score,precision_score,recall_score,fall_out,true_negatives,true_positives,false_negatives,false_positives
0,cnn_500,single_gap,build_multivariate_dataset_cnn_cached,gap_filling,all_nucleotides,multivariate gaps test,0.6165760302066803,0.34929273719332266,0.369970703125,0.3634515317597745,,,,,,,,
1,cnn_500,single_gap,build_multivariate_dataset_cnn_cached,gap_filling,adenine,multivariate gaps test,0.5967685328312231,0.3731782322853762,0.677978515625,0.5534993054908955,0.31755624081624206,0.406420511733856,0.2605801236329054,0.3805787650295496,61753.0,7672.0,21770.0,11205.0
2,cnn_500,single_gap,build_multivariate_dataset_cnn_cached,gap_filling,cytosine,multivariate gaps test,0.625877294733453,0.33293481418804927,0.769580078125,0.5624978960115531,0.2723207401696222,0.40646289817713127,0.20474887538839678,0.2989843713768956,74390.0,4415.0,17148.0,6447.0
3,cnn_500,single_gap,build_multivariate_dataset_cnn_cached,gap_filling,thymine,multivariate gaps test,0.5999032752691758,0.3684607828654028,0.659482421875,0.5587630090979218,0.3520579764006318,0.38798328964613366,0.3222218442804177,0.5082825946460764,58058.0,9473.0,19926.0,14943.0
4,cnn_500,single_gap,build_multivariate_dataset_cnn_cached,gap_filling,guanine,multivariate gaps test,0.6234853059380552,0.31563729816716624,0.72892578125,0.5662176127848418,0.30809113116306897,0.34102196225582165,0.28096017457719585,0.5429168939807237,68462.0,6180.0,15816.0,11942.0
