,model,trained_on,dataset,task,target,run_type,roc_auc_score,average_precision_score,accuracy_score,balanced_accuracy_score,f1_score,precision_score,recall_score,fall_out,true_negatives,true_positives,false_negatives,false_positives
0,cnn_200,single_gap,build_synthetic_dataset_cnn_cached,gap_filling,all_nucleotides,single gap test,0.760975731309255,0.5565250869689011,0.480439453125,0.47076821528610197,,,,,,,,
1,cnn_200,single_gap,build_synthetic_dataset_cnn_cached,gap_filling,adenine,single gap test,0.7306363707174013,0.555348633592815,0.74923828125,0.5806146073025484,0.29810846271594144,0.7511019283746556,0.1859568953758014,0.06162187968899195,71269.0,5453.0,23871.0,1807.0
2,cnn_200,single_gap,build_synthetic_dataset_cnn_cached,gap_filling,cytosine,single gap test,0.7807303346658048,0.5447177382306245,0.82017578125,0.5935686186120261,0.3204162976085031,0.8126169973792587,0.19954950813643468,0.046014526064172105,79645.0,4341.0,17413.0,1001.0
3,cnn_200,single_gap,build_synthetic_dataset_cnn_cached,gap_filling,thymine,single gap test,0.7323693779579508,0.5622785915981877,0.74890625,0.5827464406500371,0.3043666468264704,0.7540214477211796,0.19066503965832826,0.06219917293742797,71063.0,5625.0,23877.0,1835.0
4,cnn_200,single_gap,build_synthetic_dataset_cnn_cached,gap_filling,guanine,single gap test,0.7804932309045397,0.5503942951430264,0.82177734375,0.6029936375575884,0.34648714459643337,0.7923354077956108,0.2217231897341888,0.05811182401466544,79312.0,4838.0,16982.0,1268.0
