,model,trained_on,dataset,task,target,run_type,roc_auc_score,average_precision_score,accuracy_score,balanced_accuracy_score,f1_score,precision_score,recall_score,fall_out,true_negatives,true_positives,false_negatives,false_positives
0,cnn_1000,single_gap,build_synthetic_dataset_cnn_cached,gap_filling,all_nucleotides,single gap test,0.7522706970850626,0.5409903891716388,0.469384765625,0.459591713093609,,,,,,,,
1,cnn_1000,single_gap,build_synthetic_dataset_cnn_cached,gap_filling,adenine,single gap test,0.7226651374521507,0.5426020375662034,0.744453125,0.5782998079669643,0.29757878348633704,0.7020899303356555,0.18880070847099698,0.08011172042644504,70689.0,5543.0,23816.0,2352.0
2,cnn_1000,single_gap,build_synthetic_dataset_cnn_cached,gap_filling,cytosine,single gap test,0.7687883655781913,0.5291910081347894,0.8187890625,0.5916812360380566,0.3156303016891642,0.801460947743023,0.1965097588978186,0.0486796785304248,79565.0,4279.0,17496.0,1060.0
3,cnn_1000,single_gap,build_synthetic_dataset_cnn_cached,gap_filling,thymine,single gap test,0.722774264187914,0.5438088293488051,0.74361328125,0.5756682318736445,0.2866923871107972,0.7267217630853995,0.17856901103364245,0.06714952954714683,70870.0,5276.0,24270.0,1984.0
4,cnn_1000,single_gap,build_synthetic_dataset_cnn_cached,gap_filling,guanine,single gap test,0.7731158620875414,0.5330247735508327,0.819208984375,0.5974117218194153,0.33240777469258226,0.7667609382798203,0.21220073664825045,0.064548802946593,79278.0,4609.0,17111.0,1402.0
