,model,trained_on,dataset,task,target,run_type,roc_auc_score,average_precision_score,accuracy_score,balanced_accuracy_score,f1_score,precision_score,recall_score,fall_out,true_negatives,true_positives,false_negatives,false_positives
0,cnn_200,single_gap,build_multivariate_dataset_cnn_cached,gap_filling,all_nucleotides,multivariate gaps test,0.5747432393550873,0.3043496315798445,0.338994140625,0.34275951571396984,,,,,,,,
1,cnn_200,single_gap,build_multivariate_dataset_cnn_cached,gap_filling,adenine,multivariate gaps test,0.5772531862698853,0.35018673496715613,0.65255859375,0.5528132975455939,0.34488473153126614,0.37483989753442204,0.3193629791297231,0.5326353839858137,57457.0,9365.0,19959.0,15619.0
2,cnn_200,single_gap,build_multivariate_dataset_cnn_cached,gap_filling,cytosine,multivariate gaps test,0.5952714040840813,0.2823761258265444,0.7303125,0.5595449308660279,0.29265918754162185,0.3304604349838038,0.26261836903557967,0.5320860531396525,69071.0,5713.0,16041.0,11575.0
3,cnn_200,single_gap,build_multivariate_dataset_cnn_cached,gap_filling,thymine,multivariate gaps test,0.5568125153569632,0.3407357736842061,0.686708984375,0.5352282547852399,0.24641187662963052,0.40133139490397124,0.17778455697918785,0.26520235916209073,65074.0,5245.0,24257.0,7824.0
4,cnn_200,single_gap,build_multivariate_dataset_cnn_cached,gap_filling,guanine,multivariate gaps test,0.5902621521580821,0.2645488437984863,0.664423828125,0.5616300326300682,0.32694153364019196,0.28547973319651104,0.3824931255728689,0.9573327222731439,59691.0,8346.0,13474.0,20889.0
