,model,trained_on,dataset,task,target,run_type,roc_auc_score,average_precision_score,accuracy_score,balanced_accuracy_score,f1_score,precision_score,recall_score,fall_out,true_negatives,true_positives,false_negatives,false_positives
0,cnn_1000,single_gap,build_multivariate_dataset_cnn_cached,gap_filling,all_nucleotides,multivariate gaps test,0.6366232863585155,0.37239556325484446,0.37353515625,0.36534869696642674,,,,,,,,
1,cnn_1000,single_gap,build_multivariate_dataset_cnn_cached,gap_filling,adenine,multivariate gaps test,0.6120267474283223,0.37453873909329594,0.66583984375,0.5510397870754161,0.326045852044434,0.3865408863774343,0.28192377124561463,0.4474266834701454,59905.0,8277.0,21082.0,13136.0
2,cnn_1000,single_gap,build_multivariate_dataset_cnn_cached,gap_filling,cytosine,multivariate gaps test,0.6474626222020488,0.35935544253104956,0.7751171875,0.5625567760482026,0.2670910248249523,0.4350440642820114,0.1926980482204363,0.25024110218140067,75176.0,4196.0,17579.0,5449.0
3,cnn_1000,single_gap,build_multivariate_dataset_cnn_cached,gap_filling,thymine,multivariate gaps test,0.6179892928976323,0.40411132018890095,0.708740234375,0.5412917233158303,0.2236105687882338,0.4842710564888939,0.14536654707913085,0.15480944967169838,68280.0,4295.0,25251.0,4574.0
4,cnn_1000,single_gap,build_multivariate_dataset_cnn_cached,gap_filling,guanine,multivariate gaps test,0.6424128154813915,0.35462711159098914,0.781533203125,0.5574533705674876,0.24628550251002326,0.45911317673659086,0.1682780847145488,0.19825046040515654,76374.0,3655.0,18065.0,4306.0
