,model,trained_on,dataset,task,target,run_type,roc_auc_score,average_precision_score,accuracy_score,balanced_accuracy_score,f1_score,precision_score,recall_score,fall_out,true_negatives,true_positives,false_negatives,false_positives
0,cnn_1000,multivariate_gaps,build_multivariate_dataset_cnn_cached,gap_filling,all_nucleotides,multivariate gaps test,0.7400439957777659,0.5225405787304946,0.45640625,0.44369609578126223,,,,,,,,
1,cnn_1000,multivariate_gaps,build_multivariate_dataset_cnn_cached,gap_filling,adenine,multivariate gaps test,0.708912663503563,0.5219224451953975,0.740517578125,0.5683946595369891,0.26767356613289967,0.697400545741778,0.1656207366984993,0.07186221009549795,70973.0,4856.0,24464.0,2107.0
2,cnn_1000,multivariate_gaps,build_multivariate_dataset_cnn_cached,gap_filling,cytosine,multivariate gaps test,0.7610411387907304,0.5154157252986956,0.815009765625,0.5848900451453123,0.29718398694022924,0.7894736842105263,0.18304387568555758,0.04881170018281536,79452.0,4005.0,17875.0,1068.0
3,cnn_1000,multivariate_gaps,build_multivariate_dataset_cnn_cached,gap_filling,thymine,multivariate gaps test,0.7144953032751633,0.5319154452287578,0.74099609375,0.5677612785663219,0.2611844671012313,0.7336463223787167,0.15887217025891284,0.057679273417378336,71190.0,4688.0,24820.0,1702.0
4,cnn_1000,multivariate_gaps,build_multivariate_dataset_cnn_cached,gap_filling,guanine,multivariate gaps test,0.7521126467170667,0.5024614456989319,0.8153125,0.5818101723040782,0.28838049367850693,0.7846027846027847,0.17665498801401439,0.04849714180342984,79656.0,3832.0,17860.0,1052.0
