,model,trained_on,dataset,task,target,run_type,roc_auc_score,average_precision_score,accuracy_score,balanced_accuracy_score,f1_score,precision_score,recall_score,fall_out,true_negatives,true_positives,false_negatives,false_positives
0,cnn_500,multivariate_gaps,build_synthetic_dataset_cnn_cached,gap_filling,all_nucleotides,single gap test,0.7576348482449851,0.5505942771946064,0.47572265625,0.4699050550154347,,,,,,,,
1,cnn_500,multivariate_gaps,build_synthetic_dataset_cnn_cached,gap_filling,adenine,single gap test,0.7286884965329188,0.5547047771870305,0.748984375,0.5762392693142521,0.28225175918686474,0.7750345039104432,0.1725444675838995,0.05008364343996449,71642.0,5054.0,24237.0,1467.0
2,cnn_500,multivariate_gaps,build_synthetic_dataset_cnn_cached,gap_filling,cytosine,single gap test,0.7760915517325744,0.5384163202768499,0.8193359375,0.5982778336975659,0.3346281110631564,0.7713480351517161,0.21365911909245397,0.06333532356588435,79248.0,4652.0,17121.0,1379.0
3,cnn_500,multivariate_gaps,build_synthetic_dataset_cnn_cached,gap_filling,thymine,single gap test,0.7306989923188093,0.5592352582627538,0.74734375,0.57758688777781,0.28691913345460557,0.7730580721817911,0.176148092998071,0.05171071779078818,71323.0,5205.0,24344.0,1528.0
4,cnn_500,multivariate_gaps,build_synthetic_dataset_cnn_cached,gap_filling,guanine,single gap test,0.7768550690937931,0.5363644511542769,0.8185546875,0.5958054461801287,0.3279317080228605,0.7736815156169995,0.20805985220544362,0.06086198191582136,79287.0,4533.0,17254.0,1326.0
