,model,trained_on,dataset,task,target,run_type,roc_auc_score,average_precision_score,accuracy_score,balanced_accuracy_score,f1_score,precision_score,recall_score,fall_out,true_negatives,true_positives,false_negatives,false_positives
0,cnn_500,multivariate_gaps,build_multivariate_dataset_cnn_cached,gap_filling,all_nucleotides,multivariate gaps train,0.7526434733231863,0.5429933095322178,0.471708984375,0.45720975289873406,,,,,,,,
1,cnn_500,multivariate_gaps,build_multivariate_dataset_cnn_cached,gap_filling,adenine,multivariate gaps train,0.722185262213556,0.5573131735390983,0.73791015625,0.571918309641217,0.2686794920704126,0.7928594403345127,0.16174540682414698,0.04225721784776903,70632.0,4930.0,25550.0,1288.0
2,cnn_500,multivariate_gaps,build_multivariate_dataset_cnn_cached,gap_filling,cytosine,multivariate gaps train,0.7705257270017443,0.5164335175851987,0.824072265625,0.5841664169260726,0.2935017059492529,0.8040395358831113,0.1795154713360518,0.043751499160470136,80643.0,3742.0,17103.0,912.0
3,cnn_500,multivariate_gaps,build_multivariate_dataset_cnn_cached,gap_filling,thymine,multivariate gaps train,0.7237953978596694,0.55718528524735,0.738017578125,0.5714570113577232,0.2678819965614169,0.7862864466517142,0.16144205782704515,0.043880135521857835,70665.0,4908.0,25493.0,1334.0
4,cnn_500,multivariate_gaps,build_multivariate_dataset_cnn_cached,gap_filling,guanine,multivariate gaps train,0.7597849837089927,0.5082240266627316,0.826474609375,0.5885952950457145,0.3061423718224062,0.7943262411347518,0.1896101383380091,0.0490954822482345,80711.0,3920.0,16754.0,1015.0
