,loss,val_loss
0,1.3808580432686612,1.3783637285232544
