None,Metric,Target,Mean
8,AUROC,Adenine,0.6065721029547054
9,AUROC,Cytosine,0.6428239089322513
10,AUROC,Thymine,0.6097278489868895
11,AUROC,Guanine,0.6340340258826238
