None,Metric,Target,Mean
8,AUROC,Adenine,0.69042908610375
9,AUROC,Cytosine,0.7336847971804176
10,AUROC,Thymine,0.6919698020642882
11,AUROC,Guanine,0.7307160480675731
