None,Metric,Target,Mean
8,AUROC,Adenine,0.6904290861037502
9,AUROC,Cytosine,0.7336847971804178
10,AUROC,Thymine,0.691969802064288
11,AUROC,Guanine,0.7307160480675731
