None,Metric,Target,Mean
8,AUROC,Adenine,0.8686882042368295
9,AUROC,Cytosine,0.8908543903829061
10,AUROC,Thymine,0.8763600283301484
11,AUROC,Guanine,0.8767459276482451
