None,Metric,Target,Mean
8,AUROC,Adenine,0.8686882042368292
9,AUROC,Cytosine,0.8908543903829065
10,AUROC,Thymine,0.8763600283301481
11,AUROC,Guanine,0.8767459276482451
