None,Metric,Target,Mean
4,AUPRC,Adenine,0.7784483699934658
5,AUPRC,Cytosine,0.7737700874670623
6,AUPRC,Thymine,0.795667490697095
7,AUPRC,Guanine,0.747778030105446
